Name,Position,College,Rank,Year
Cameron Ward,QB,Miami,1,2025
Travis Hunter,CB,Colorado,2,2025
Abdul Carter,DE,Penn State,3,2025
Will Campbell,OT,LSU,4,2025
Ashton Jeanty,RB,Boise State,5,2025
Mason Graham,DT,Michigan,6,2025
Armand Membou,OT,Missouri,7,2025
Tyler Warren,TE,Penn State,8,2025
Jalon Walker,DE,Georgia,9,2025
Tetairoa McMillan,WR,Arizona,10,2025
Kelvin Banks Jr.,OT,Texas,11,2025
Shedeur Sanders,QB,Colorado,12,2025
Will Johnson,CB,Michigan,13,2025
Mykel Williams,DE,Georgia,14,2025
Colston Loveland,TE,Michigan,15,2025
Jahdae Barron,CB,Texas,16,2025
Mike Green,DE,Marshall,17,2025
Matthew Golden,WR,Texas,18,2025
Shemar Stewart,DE,Texas A&M,19,2025
Walter Nolen,DT,Mississippi,20,2025
Jihaad Campbell,LB,Alabama,21,2025
Omarion Hampton,RB,North Carolina,22,2025
Malaki Starks,S,Georgia,23,2025
Kenneth Grant,DT,Michigan,24,2025
Grey Zabel,IOL,North Dakota State,25,2025
Josh Simmons,OT,Ohio State,26,2025
Derrick Harmon,DT,Oregon,27,2025
Tyler Booker,IOL,Alabama,28,2025
Donovan Ezeiruaku,DE,Boston College,29,2025
Nick Emmanwori,S,South Carolina,30,2025
Emeka Egbuka,WR,Ohio State,31,2025
James Pearce Jr.,DE,Tennessee,32,2025
Jaxson Dart,QB,Mississippi,33,2025
Maxwell Hairston,CB,Kentucky,34,2025
Josh Conerly Jr.,OT,Oregon,35,2025
Luther Burden,WR,Missouri,36,2025
TreVeyon Henderson,RB,Ohio State,37,2025
Trey Amos,CB,Mississippi,38,2025
Donovan Jackson,IOL,Ohio State,39,2025
Jalen Milroe,QB,Alabama,40,2025
Nic Scourton,DE,Texas A&M,41,2025
Shavon Revel Jr.,CB,East Carolina,42,2025
Mason Taylor,TE,LSU,43,2025
Tyleik Williams,DT,Ohio State,44,2025
Aireontae Ersery,DT,Ohio State,45,2025
Carson Schwesinger,LB,UCLA,46,2025
Jayden Higgins,WR,Iowa State,47,2025
Benjamin Morrison,CB,Notre Dame,48,2025
Xavier Watts,S,Notre Dame,49,2025
J.T. Tuimoloau,DE,Ohio State,50,2025
Darius Alexander,DT,Toledo,51,2025
Azareye'h Thomas,CB,Florida State,52,2025
Landon Jackson,DE,Arkansas,53,2025
Quinshon Judkins,RB,Ohio State,54,2025
Jonah Savaiinaea,IOL,Arizona,55,2025
Kaleb Johnson,RB,Iowa,56,2025
Oluwafemi Oladejo,DE,UCLA,57,2025
Elijah Arroyo,TE,Miami,58,2025
T.J. Sanders,DT,South Carolina,59,2025
Jaylin Noel,WR,Iowa State,60,2025
Tate Ratledge,IOL,Georgia,61,2025
Princely Umanmielen,DE,Mississippi,62,2025
Tre Harris,WR,Mississippi,63,2025
Alfred Collins,DT,Texas,64,2025
Marcus Mbow,IOL,Purdue,65,2025
Jordan Burch,DE,Oregon,66,2025
Jack Sawyer,DE,Ohio State,67,2025
Darien Porter,CB,Iowa State,68,2025
Kevin Winston Jr.,S,Penn State,69,2025
Tyler Shough,QB,Louisville,70,2025
Bradyn Swinson,DE,LSU,71,2025
Jack Bech,WR,TCU,72,2025
Elic Ayomanor,WR,Stanford,73,2025
Kyle Williams,WR,Washington State,74,2025
Josaiah Stewart,DE,Michigan,75,2025
Jalen Royals,WR,Utah State,76,2025
Harold Fannin Jr.,TE,Bowling Green,77,2025
Omarr Norman-Lott,DT,Tennessee,78,2025
Andrew Mukuba,S,Texas,79,2025
Jared Wilson,IOL,Georgia,80,2025
Wyatt Milum,OT,West Virginia,81,2025
Shemar Turner,DT,Texas A&M,82,2025
Demetrius Knight Jr.,LB,South Carolina,83,2025
Terrance Ferguson,TE,Oregon,84,2025
Ozzy Trapilo,OT,Boston College,85,2025
Joshua Farmer,DT,Florida State,86,2025
Charles Grant,IOL,William & Mary,87,2025
Jacob Parrish,CB,Kansas State,88,2025
Kyle Kennard,DE,South Carolina,89,2025
Dylan Sampson,RB,Tennessee,90,2025
Cameron Skattebo,RB,Arizona State,91,2025
Ashton Gillotte,DE,Louisville,92,2025
Ty Robinson,DT,Nebraska,93,2025
Emery Jones Jr.,OT,LSU,94,2025
Deone Walker,DT,Kentucky,95,2025
Savion Williams,WR,TCU,96,2025
Anthony Belton,OT,North Carolina State,97,2025
Nohl Williams,CB,California,98,2025
Cameron Williams,OT,Texas,99,2025
Quincy Riley,CB,Louisville,100,2025
Damien Martinez,RB,Miami,101,2025
Will Howard,QB,Ohio State,102,2025
Tory Horton,WR,Colorado State,103,2025
Danny Stutsman,LB,Oklahoma,104,2025
C.J. West,DT,Indiana,105,2025
Billy Bowman,S,Oklahoma,106,2025
D.J. Giddens,RB,Kansas State,107,2025
Lathan Ransom,S,Ohio State,108,2025
Gunnar Helm,TE,Texas,109,2025
R.J. Harvey Jr.,RB,UCF,110,2025
Jamaree Caldwell,DT,Oregon,111,2025
Jason Marshall Jr.,CB,Florida,112,2025
Tai Felton,WR,Maryland,113,2025
Chris Paul Jr.,LB,Mississippi,114,2025
Jonas Sanker,S,Virginia,115,2025
Miles Frazier,IOL,LSU,116,2025
Smael Mondon Jr.,LB,Georgia,117,2025
Dylan Fairchild,IOL,Georgia,118,2025
Jaylen Reed,S,Penn State,119,2025
Bhayshul Tuten,RB,Virginia Tech,120,2025
Denzel Burke,CB,Ohio State,121,2025
Dorian Strong,CB,Virginia Tech,122,2025
Quinn Ewers,QB,Texas,123,2025
Jordan James,RB,Oregon,124,2025
Jared Ivey,DE,Mississippi,125,2025
Devin Neal,RB,Kansas,126,2025
Jordan Phillips,DT,Maryland,127,2025
Tez Johnson,WR,Oregon,128,2025
Barrett Carter,LB,Clemson,129,2025
Zah Frazier,CB,UTSA,130,2025
Isaiah Bond,WR,Texas,131,2025
Kyle McCord,QB,Syracuse,132,2025
Chase Lundt,OT,Connecticut,133,2025
Aeneas Peebles,DT,Virginia Tech,134,2025
David Walker,DE,Central Arkansas,135,2025
Jeffrey Bassa,LB,Oregon,136,2025
Xavier Restrepo,WR,Miami,137,2025
Cody Simon,LB,Ohio State,138,2025
Jaydon Blue,RB,Texas,139,2025
Trevor Etienne,RB,Georgia,140,2025
Malachi Moore,S,Alabama,141,2025
Sai'vion Jones,DE,LSU,142,2025
Barryn Sorrell,DE,Texas,143,2025
Ty Hamilton,DT,Ohio State,144,2025
Brashard Smith,RB,SMU,145,2025
Jalen Rivers,OT,Miami,146,2025
Seth McLaughlin,IOL,Ohio State,147,2025
Jalen Travis,OT,Iowa State,148,2025
Cobee Bryant,CB,Kansas,149,2025
Caleb Ransaw,S,Tulane,150,2025
Mitchell Evans,TE,Notre Dame,151,2025
Rylie Mills,DT,Notre Dame,152,2025
Vernon Broughton,DT,Texas,153,2025
Elijah Roberts,DT,SMU,154,2025
Antwaun Powell-Ryland,DE,Virginia Tech,155,2025
J.J. Pegues,DT,Mississippi,156,2025
Zy Alexander,CB,LSU,157,2025
Ollie Gordon II,RB,Oklahoma State,158,2025
Jack Kiser,LB,Notre Dame,159,2025
Logan Brown,OT,Kansas,160,2025
Jackson Slater,IOL,Sacramento State,161,2025
Pat Bryant,WR,Illinois,162,2025
R.J. Mickens,S,Clemson,163,2025
Ajani Cornelius,OT,Oregon,164,2025
Jordan Hancock,CB,Ohio State,165,2025
Oronde Gadsden II,TE,Syracuse,166,2025
Teddye Buchanan,LB,California,167,2025
Isaac TeSlaa,WR,Arkansas,168,2025
Jaylin Lane,WR,Virginia Tech,169,2025
Nick Martin,LB,Oklahoma State,170,2025
Dont'e Thornton,WR,Tennessee,171,2025
Tyrion Ingram-Dawkins,DE,Georgia,172,2025
Kobe King,LB,Penn State,173,2025
Carson Vinson,IOL,Alabama A&M,174,2025
Upton Stout,CB,Western Kentucky,175,2025
Jarquez Hunter,RB,Auburn,176,2025
Cam Jackson,DT,Florida,177,2025
Dillon Gabriel,QB,Oregon,178,2025
Tyler Baron,DE,Miami,179,2025
Hollin Pierce,OT,Rutgers,180,2025
Luke Kandra,IOL,Cincinnati,181,2025
Caleb Rogers,IOL,Texas Tech,182,2025
Sebastian Castro,S,Iowa,183,2025
Drew Kendall,IOL,Boston College,184,2025
Fadil Diggs,DE,Syracuse,185,2025
Justin Walley,CB,Minnesota,186,2025
Joshua Gray,IOL,Oregon State,187,2025
Craig Woodson,S,California,188,2025
Que Robinson,DE,Alabama,189,2025
Jah Joyner,DE,Minnesota,190,2025
LeQuint Allen Jr.,RB,Syracuse,191,2025
Jake Majors,IOL,Texas,192,2025
Jackson Hawes,TE,Georgia Tech,193,2025
Thomas Fidone II,TE,Nebraska,194,2025
Bilhal Kone,CB,Western Michigan,195,2025
Jack Nelson,OT,Wisconsin,196,2025
Riley Leonard,QB,Notre Dame,197,2025
Hunter Wohler,S,Wisconsin,198,2025
Jalin Conyers,TE,Texas Tech,199,2025
Jake Briningstool,TE,Clemson,200,2025
Tommi Hill,CB,Nebraska,201,2025
Jo'Quavious Marks,RB,USC,202,2025
Kain Medrano,LB,UCLA,203,2025
Nick Nash,WR,San Jose State,204,2025
Mac McWilliams,S,UCF,205,2025
Shemar James,LB,Florida,206,2025
Willie Lampkin,IOL,North Carolina,207,2025
Collin Oliver,DE,Oklahoma State,208,2025
Yahya Black,DT,Iowa,209,2025
Kyle Monangai,RB,Rutgers,210,2025
Maxen Hook,S,Toledo,211,2025
Jabbar Muhammad,CB,Oregon,212,2025
Myles Hinton,OT,Michigan,213,2025
Luke Lachey,TE,Iowa,214,2025
Korie Black,CB,Oklahoma State,215,2025
Tahj Brooks,RB,Texas Tech,216,2025
Raheim Sanders,RB,South Carolina,217,2025
Keandre Lambert-Smith,WR,Auburn,218,2025
Bryce Cabeldue,IOL,Kansas,219,2025
Jaylin Smith,CB,USC,220,2025
Kitan Crawford,S,Nevada,221,2025
Tonka Hemingway,DT,South Carolina,222,2025
Connor Colby,IOL,Iowa,223,2025
Chimere Dike,WR,Florida,224,2025
Jay Higgins,LB,Iowa,225,2025
Andrew Armstrong,WR,Arkansas,226,2025
Mello Dotson,CB,Kansas,227,2025
Kaimon Rucker,DE,North Carolina,228,2025
Howard Cross III,DT,Notre Dame,229,2025
Robert Longerbeam,CB,Rutgers,230,2025
Kalel Mullings,RB,Michigan,231,2025
Jay Toia,DT,UCLA,232,2025
Donovan Edwards,RB,Michigan,233,2025
Elijhah Badger,WR,Florida,234,2025
Kobe Hudson,WR,UCF,235,2025
Alijah Huzzie,CB,North Carolina,236,2025
Tyler Batty,DE,BYU,237,2025
Jimmy Horn Jr.,WR,Colorado,238,2025
Clay Webb,IOL,Jacksonville State,239,2025
Ricky White III,WR,UNLV,240,2025
Ahmed Hassanein,DT,Boise State,241,2025
Garrett Dellinger,IOL,LSU,242,2025
Dante Trader Jr.,S,Maryland,243,2025
Cam Horsley,DT,Boston College,244,2025
Jermari Harris,CB,Iowa,245,2025
Nazir Stackhouse,DT,Georgia,246,2025
Cody Lindenberg,LB,Minnesota,247,2025
Brandon Crenshaw-Dickson,OT,Florida,248,2025
Dan Jackson,S,Georgia,249,2025
Moliki Matavao,TE,UCLA,250,2025
Tim Smith,DT,Alabama,251,2025
Eli Cox,IOL,Kentucky,252,2025
Benjamin Yurosek,TE,Georgia,253,2025
Warren Brinson,DT,Georgia,254,2025
Xavier Truss,OT,Georgia,255,2025
C.J. Dippre,TE,Alabama,256,2025
Marcus Yarns,RB,Delaware,257,2025
Phil Mafah,RB,Clemson,258,2025
Isaiah Neyor,WR,Nebraska,259,2025
Ryan Fitzgerald,K,Florida State,260,2025
Simeon Barrow Jr.,DT,Miami,261,2025
Jared Harrison-Hunte,DT,SMU,262,2025
Jamon Dumas-Johnson,LB,Kentucky,263,2025
Joshua Simon,TE,South Carolina,264,2025
Marques Sigle,S,Kansas State,265,2025
Carson Bruener,LB,Washington,266,2025
Kaden Prather,WR,Maryland,267,2025
Eugene Asante,LB,Auburn,268,2025
Max Brosmer,QB,Minnesota,269,2025
Rayuan Lane III,S,Navy,270,2025
Ja'Corey Brooks,WR,Louisville,271,2025
Junior Tafuna,DT,Utah,272,2025
Jacory Croskey-Merritt,RB,Arizona,273,2025
Arian Smith,WR,Georgia,274,2025
Andres Borregales,K,Miami,275,2025
Kurtis Rourke,QB,Indiana,276,2025
Shaun Dolac,LB,Buffalo,277,2025
Bru McCoy,WR,Tennessee,278,2025
John Williams,OT,Cincinnati,279,2025
Brandon Adams,CB,UCF,280,2025
Corey Kiner,RB,Cincinnati,281,2025
Efton Chism III,WR,Eastern Washington,282,2025
Joe Huber,IOL,Wisconsin,283,2025
Jordan Watkins,WR,Mississippi,284,2025
Will Sheppard,WR,Colorado,285,2025
Konata Mumpfield,WR,Pittsburgh,286,2025
Dean Clark,S,Fresno State,287,2025
Samuel Brown,WR,Miami,288,2025
LaJohntay Wester,WR,Colorado,289,2025
Jackson Woodard,LB,UNLV,290,2025
Brady Cook,QB,Missouri,291,2025
Montrell Johnson,RB,Florida,292,2025
Theo Wease,WR,Missouri,293,2025
Zeek Biggers,DT,Georgia Tech,294,2025
Elijah Ponder,DE,Cal Poly Pomona,295,2025
R.J. Oben,DE,Notre Dame,296,2025
Hayden Conner,IOL,Texas,297,2025
Seth Henigan,QB,Memphis,298,2025
Thomas Perry,IOL,Middlebury,299,2025
Dominic Lovett,WR,Georgia,300,2025
Da'Quan Felton,WR,Virginia Tech,301,2025
Antwane Wells Jr.,WR,Mississippi,302,2025
Gavin Bartholomew,TE,Pittsburgh,303,2025
Gerad Christian-Lichtenhan,OT,Oregon State,304,2025
Francisco Mauigoa,LB,Miami,305,2025
Marcus Harris,CB,California,306,2025
Lan Larison,RB,UC Davis,307,2025
Malik Verdon,S,Iowa State,308,2025
Ja'Quinden Jackson,RB,Arkansas,309,2025
Jalen McLeod,LB,Auburn,310,2025
Marcus Tate,IOL,Clemson,311,2025
O'Donnell Fortune,CB,South Carolina,312,2025
Karene Reid,LB,Utah,313,2025
Tyler Cooper,IOL,Minnesota,314,2025
Branson Taylor,OT,Pittsburgh,315,2025
Johnny Walker Jr.,DE,Missouri,316,2025
Kyonte Hamilton,DT,Rutgers,317,2025
Chandler Martin,LB,Memphis,318,2025
Jacolby George,WR,Miami,319,2025
Esa Pole,OT,Washington State,320,2025
Elijah Simmons,DT,Tennessee,321,2025
Jailin Walker,LB,Indiana,322,2025
Marcus Wehr,IOL,Montana State,323,2025
Fentrell Cypress,CB,Florida State,324,2025
Daniel Jackson,WR,Minnesota,325,2025
Trey Wedig,OT,Indiana,326,2025
Thor Griffith,DT,Louisville,327,2025
Traeshon Holden,WR,Oregon,328,2025
Eric Gregory,DT,Arkansas,329,2025
Jacob Bayer,IOL,Arkansas State,330,2025
Ethan Downs,DE,Oklahoma,331,2025
Melvin Smith Jr.,CB,Southern Arkansas,332,2025
J.J. Roberts,S,Marshall,333,2025
Isas Waxter,CB,Villanova,334,2025
Jackson Meeks,WR,Syracuse,335,2025
Tyreem Powell,LB,Rutgers,336,2025
Tommy Mellott,QB,Montana State,337,2025
Nash Hutmacher,DT,Nebraska,338,2025
Bam Martin-Scott,LB,South Carolina,339,2025
Graham Mertz,QB,Florida,340,2025
Jeremy Crawshaw,P,Florida,341,2025
Payton Page,DT,Clemson,342,2025
James Burnip,P,Alabama,343,2025
Corey Thornton,CB,Louisville,344,2025
Dalton Cooper,OT,Oklahoma State,345,2025
Zakhari Franklin,WR,Illinois,346,2025
Sean Martin,DT,West Virginia,347,2025
DeAndre Jules,DT,South Carolina,348,2025
Jamaal Pritchett,WR,South Alabama,349,2025
Tommy Akingbesote,DT,Maryland,350,2025
Beaux Collins,WR,Notre Dame,351,2025
Caleb Etienne,OT,BYU,352,2025
Kenny Gallop Jr.,S,Howard,353,2025
Caden Prieskorn,TE,Mississippi,354,2025
Luke Newman,IOL,Michigan State,355,2025
Robbie Ouzts,TE,Alabama,356,2025
B.J. Green,DT,Colorado,357,2025
Brant Kuithe,TE,Utah,358,2025
Donovan McMillon,S,Pittsburgh,359,2025
Makari Paige,S,Michigan,360,2025
Ruben Hyppolite II,LB,Maryland,361,2025
Bryson Nesbit,TE,North Carolina,362,2025
Chaz Chambliss,DE,Georgia,363,2025
Torricelli Simpkins III,IOL,South Carolina,364,2025
Justin Barron,LB,Syracuse,365,2025
Alijah Clark,S,Syracuse,366,2025
Mario Anderson,RB,Memphis,367,2025
Weston Franklin,IOL,Georgia Tech,368,2025
Garnett Hollis Jr.,CB,West Virginia,369,2025
Shilo Sanders,S,Colorado,370,2025
Roc Taylor,WR,Memphis,371,2025
Javontez Spraggins,IOL,Tennessee,372,2025
Taylor Morin,WR,Wake Forest,373,2025
Timothy McKay,IOL,North Carolina State,374,2025
Steve Linton,DE,Baylor,375,2025
Keondre Jackson,S,Illinois State,376,2025
Tyler Loop,K,Arizona,377,2025
Drew Moss,IOL,Colorado State,378,2025
Phillip Webb,DE,Jackson State,379,2025
Adin Huntington,DT,Tulane,380,2025
Jahvaree Ritzie,DT,North Carolina,381,2025
Nikko Reed,CB,Oregon,382,2025
Jordan Oladokun,CB,Bowling Green,383,2025
Rivaldo Fairweather,TE,Auburn,384,2025
Josh Kelly,WR,Texas Tech,385,2025
Joseph Evans,DT,UTSA,386,2025
Demsond Watson,DT,Florida,387,2025
Addison West,IOL,Western Michigan,388,2025
Jordan Williams,OT,Georgia Tech,389,2025
Power Echols,LB,North Carolina,390,2025
Robert McDaniel,S,Jackson State,391,2025
Omari Thomas,DT,Tennessee,392,2025
Alex Mastromanno,P,Florida State,393,2025
Xavier Carlton,DE,California,394,2025
Paris Shand,DT,LSU,395,2025
Silas Bolden,WR,Texas,396,2025
Debo Williams,LB,South Carolina,397,2025
Elijah Alston,DE,Miami,398,2025
Octavious Oxendine,DT,Kentucky,399,2025
Tysheem Johnson,S,Oregon,400,2025
Brandon George,LB,Pittsburgh,401,2025
J.J. Weaver,DE,Kentucky,402,2025
Nash Jones,IOL,Texas State,403,2025
Gus Hartwig,IOL,Purdue,404,2025
Kole Taylor,TE,West Virginia,405,2025
Shamari Simmons,CB,Arizona State,406,2025
Akili Arnold,S,USC,407,2025
Jahdae Walker,WR,Texas A&M,408,2025
Matt Jones,LB,Baylor,409,2025
Taylor Elgersma,QB,Wilfrid Laurier,410,2025
Ben Sauls,K,Pittsburgh,411,2025
Nick Kubitz,LB,North Dakota State,412,2025
Tamuarion Wilson,LB,Central Arkansas,413,2025
Wande Owens,S,New Hampshire,414,2025
Marcus Bryant,OT,Missouri,415,2025
Michael Ford Jr.,IOL,Kansas,416,2025
Amin Vanover,DE,Penn State,417,2025
Quentin Skinner,WR,Kansas,418,2025
Johnathan Edwards,CB,Tulane,419,2025
Garmon Randolph,DE,Baylor,420,2025
Zemaiah Vaughn,CB,Utah,421,2025
Jordan Clark,S,Notre Dame,422,2025
Andre Jefferson,DT,LenoirRhyne,423,2025
Chris Tyree,WR,Virginia,424,2025
Kelly Akharaiyi,WR,Mississippi State,425,2025
Jacob Gideon,IOL,Western Michigan,426,2025
Kai Kroeger,P,South Carolina,427,2025
Dvon J-Thomas,DT,Penn State,428,2025
James Carpenter,DT,Indiana,429,2025
Joey Hobert,WR,Texas State,430,2025
JP Richardson,WR,TCU,431,2025
Ulysses Bentley IV,RB,Mississippi,432,2025
Donovan Smith,QB,Houston,433,2025
Mason Richman,OT,Iowa,434,2025
Greg Penn III,LB,LSU,435,2025
Maddux Trujillo,K,Temple,436,2025
Donte Kent,CB,Central Michigan,437,2025
Ricky Barber,DT,UCF,438,2025
Aydan White,CB,North Carolina State,439,2025
D'Eryk Jackson,LB,Kentucky,440,2025
Dymere Miller,WR,Rutgers,441,2025
Jakob Robinson,S,BYU,442,2025
Major Burns,S,LSU,443,2025
Jasheen Davis,DE,Wake Forest,444,2025
Mario Williams,WR,Tulane,445,2025
ShunDerrick Powell,RB,Central Arkansas,446,2025
Dalevon Campbell,WR,South Carolina,447,2025
Kendall Bohler,CB,Florida A&M,448,2025
Syrus Webster,DE,Washington State,449,2025
Danny Striggow,DE,Minnesota,450,2025
Dontae Manning,CB,Oregon,451,2025
Carter Runyon,TE,Towson,452,2025
Marlowe Wax,LB,Syracuse,453,2025
Alex Huntley,DT,South Carolina,454,2025
Bryan Addison,S,UCLA,455,2025
Jack Conley,IOL,Boston College,456,2025
Sal Wormley,IOL,Penn State,457,2025
Deshawn Pace,S,UCF,458,2025
R.J. Moten,S,Florida,459,2025
Dartanyan Tinsley,IOL,Cincinnati,460,2025
Gareth Warren,IOL,Lindenwood,461,2025
Jack Henderson,S,Minnesota,462,2025
Nate Matlack,DE,Pittsburgh,463,2025
Chico Bennett Jr.,LB,Virginia,464,2025
Aiden Williams,IOL,Minnesota Duluth,465,2025
Cooper Mays,IOL,Tennessee,466,2025
Mark Redman,TE,Louisville,467,2025
Zion Childress,S,Kentucky,468,2025
Kristian Williams,DT,Missouri,469,2025
Dennis Briggs Jr.,DT,Illinois,470,2025
Seth Coleman,DE,Illinois,471,2025
Marcus Harper II,IOL,Oregon,472,2025
Jahfari Harvey,DE,SMU,473,2025
Jestin Jacobs,LB,Oregon,474,2025
Davin Vann,DT,North Carolina State,475,2025
Collin Schlee,QB,Virginia Tech,476,2025
Cam'Ron Silmon Craig,S,Colorado,477,2025
Micah Bernard,RB,Utah,478,2025
Noah Martin,LB,Samford,479,2025
Jahmal Banks,WR,Nebraska,480,2025
Joe Michalski,IOL,Oklahoma State,481,2025
Tre Stewart,RB,Jacksonville State,482,2025
Xavier Guillory,WR,Arizona State,483,2025
JR Singleton,DT,Iowa State,484,2025
Xzavier Henderson,WR,Cincinnati,485,2025
Anthony Landphere,TE,Memphis,486,2025
Quinn Schulte,S,Iowa,487,2025
Josh Williams,RB,LSU,488,2025
Eddie Czaplicki,P,USC,489,2025
Winston Wright Jr.,WR,East Carolina,490,2025
Valentin Senn,OT,Connecticut,491,2025
Kenneth Almendares,K,Louisiana Lafayette,492,2025
Gaethan Bernadel,LB,Stanford,493,2025
Aaron Smith,LB,South Carolina State,494,2025
Aubrey Burks,S,West Virginia,495,2025
Mose Vavao,IOL,Fresno State,496,2025
David Gbenda,LB,Texas,497,2025
De'Rickey Wright,S,Vanderbilt,498,2025
Keenan Pili,LB,Tennessee,499,2025
Jonah Monheim,IOL,USC,500,2025
Monaray Baldwin,WR,Baylor,501,2025
Glendon Miller,S,Maryland,502,2025
Marques Cox,OT,Kentucky,503,2025
Isheem Young,S,North Texas,504,2025
Davonte Brown,CB,Florida State,505,2025
Jerjuan Newton,WR,Toledo,506,2025
Malcolm Ray,DT,Rutgers,507,2025
Woodi Washington,CB,Oklahoma,508,2025
Greedy Vance Jr.,CB,USC,509,2025
Moose Muhammad III,WR,Texas A&M,510,2025
Payton Thorne,QB,Auburn,511,2025
Jared Penning,OT,Northern Iowa,512,2025
K.J. Jefferson,QB,UCF,513,2025
Brock Lampe,RB,Northern Illinois,514,2025
Ethan Garbers,QB,UCLA,515,2025
Anthony Watkins,RB,Tulsa,516,2025
Brayden Keim,OT,BYU,517,2025
Jacob Gardner,IOL,Colorado State,518,2025
Amari Kight,OT,UCF,519,2025
Nick Kallerup,TE,Minnesota,520,2025
Ty Wise,LB,Miami,521,2025
Austin Brinkman,LS,West Virginia,522,2025
Elijah Williams,DT,Morgan State,523,2025
Cameron Oliver,CB,UNLV,524,2025
Brian Stevens,IOL,Virginia,525,2025
Josh Priebe,IOL,Michigan,526,2025
Brendan Mott,DE,Kansas State,527,2025
Tyron Herring,CB,Delaware,528,2025
Kam Alexander,CB,Oregon,529,2025
Bryce Benhart,OT,Nebraska,530,2025
Adam Bock,LB,South Dakota State,531,2025
Cam Lockridge,CB,Fresno State,532,2025
Quinton Cooley,RB,Liberty,533,2025
Warren Burrell,CB,Georgia Tech,534,2025
Nick Jackson,LB,Iowa,535,2025
Nofoafia Tulafono,IOL,Wyoming,536,2025
Jacquez Stuart,RB,Toledo,537,2025
William Wagner,LS,Michigan,538,2025
C.J. Taylor,S,Vanderbilt,539,2025
B.J. Mayes,CB,Texas A&M,540,2025
Garrett Greene,QB,West Virginia,541,2025
Trey Rucker,S,Oklahoma State,542,2025
Izavion Miller,OT,Auburn,543,2025
Sulaiman Kpaka,DT,Mississippi State,544,2025
Seyi Oladipo,S,Boise State,545,2025
Shaquan Loyal,S,Rutgers,546,2025
De'Braylon Carroll,DT,Texas Tech,547,2025
Malik Dixon-Williams,S,Connecticut,548,2025
Montorie Foster,WR,Michigan State,549,2025
Nay'Quan Wright,RB,South Florida,550,2025
Zeke Correll,IOL,North Carolina State,551,2025
Emmanuel McNeil-Warren,S,Toledo,552,2025
Car'lin Vigers,CB,Louisiana Monroe,553,2025
Joey Slackman,DT,Florida,554,2025
D.J. Uiagalelei,QB,Florida State,555,2025
Dominic Zvada,K,Michigan,556,2025
Connor O'Toole,DE,Utah,557,2025
Easton Mascarenas-Arnold,LB,USC,558,2025
Kenyatta Watson II,S,Georgia State,559,2025
D.J. Lundy,LB,Florida State,560,2025
Terrell Dawkins,DE,North Texas,561,2025
Kamren Fabiculanan,S,Washington,562,2025
Tahveon Nicholson,S,Louisville,563,2025
Corey Dyches,TE,California,564,2025
De'Corian Clark,WR,UTSA,565,2025
Hudson Clark,S,Arkansas,566,2025
Ross James,P,Oregon,567,2025
John Pius,DE,Wisconsin,568,2025
Ethan Moczulski,K,Texas A&M,569,2025
Robert Gunn,K,Clemson,570,2025
Kobe Savage,S,Oregon,571,2025
Bryce McFerson,P,Notre Dame,572,2025
Alex Bacchetta,P,Penn State,573,2025
Max Fletcher,P,Arkansas,574,2025
Brett Thorson,P,Georgia,575,2025
Alex McPherson,K,Auburn,576,2025
Tyler Perkins,P,Iowa State,577,2025
John Love,K,Virginia Tech,578,2025
Will Bettridge,K,Virginia,579,2025
Jackson Lee,LS,Florida International,580,2025
Eli Stein,LS,Arkansas,581,2025
Rino Monteforte,LS,Notre Dame,582,2025
Nate Merchant,LS,Coastal Carolina,583,2025
Morice Blackwell Jr.,LB,Texas,584,2025
Devin Kirkwood,CB,UCLA,585,2025
Reuben Fatheree II,OT,Texas A&M,586,2025
Juan Davis,TE,Texas,587,2025
Caiden Woullard,DE,Oklahoma,588,2025
Dorian Singer,WR,Utah,589,2025
Antario Brown,RB,Northern Illinois,590,2025
Jack Howell,S,Colorado State,591,2025
Sebastian Valdez,DT,Washington,592,2025
Roderick Brown,DT,North Texas,593,2025
Julian Fleming,WR,Penn State,594,2025
Justin Flowe,LB,Arizona,595,2025
Hudson Card,QB,Purdue,596,2025
Jerrin Thompson,S,Auburn,597,2025
Peny Boone,RB,UCF,598,2025
Desmond Evans,DE,North Carolina,599,2025
Gee Scott Jr.,TE,Ohio State,600,2025
Jalen Kimber,CB,Penn State,601,2025
Malik Hornsby,WR,Arkansas State,602,2025
E.J. Smith,RB,Texas A&M,603,2025
Nate McCollum,WR,North Carolina,604,2025
Ladarius Tennison,S,UCF,605,2025
M.J. Sherman,LB,Nebraska,606,2025
Jayson Jones,DT,Auburn,607,2025
Money Parks,WR,Utah,608,2025
Khari Coleman,DE,Mississippi,609,2025
Vershon Lee,IOL,South Carolina,610,2025
Kaden Moore,IOL,Virginia Tech,611,2025
Jaheim Thomas,LB,Wisconsin,612,2025
Will Rogers,QB,Washington,613,2025
Robert Scott Jr.,OT,Florida State,614,2025
Ty French,DE,West Virginia,615,2025
Kobe Pace,RB,Virginia,616,2025
Cam Porter,RB,Northwestern,617,2025
Jalen White,RB,Georgia Southern,618,2025
Cal Haladay,LB,Michigan State,619,2025
Brandon Thomas,RB,Memphis,620,2025
Gerald Mincey,OT,Kentucky,621,2025
Henry Blackburn,S,Colorado State,622,2025
Aaron Lewis,DE,Rutgers,623,2025
Mason Cobb,LB,USC,624,2025
Lawrance Toafili,RB,Florida State,625,2025
Deontae Craig,DT,Iowa,626,2025
LaMiles Brooks,S,Georgia Tech,627,2025
Lawrence Arnold,WR,Kansas,628,2025
Nate Noel,RB,Missouri,629,2025
Micah Mazzccua,IOL,Nebraska,630,2025
Gavin Holmes,CB,Texas,631,2025
Marcus Carroll,RB,Missouri,632,2025
Josh Fryar,OT,Ohio State,633,2025
Yam Banks,S,Mississippi,634,2025
Kendy Charles,DT,Duke,635,2025
Nathan Carter,RB,Michigan State,636,2025
Jonah Dalmas,K,Boise State,637,2025
Easton Kilty,OT,Kansas State,638,2025
Anton Juncaj,DT,Arkansas,639,2025
Owen Daffer,K,North Carolina A&T,640,2025
Kyle Morlock,TE,Florida State,641,2025
Trey Sanders,RB,TCU,642,2025
Jacob Bandes,DT,Washington,643,2025
Connor Bazelak,QB,Bowling Green,644,2025
Patrick Herbert,TE,Oregon,645,2025
Khris Bogle,DE,Michigan State,646,2025
Frank Ladson Jr.,WR,Massachusetts,647,2025
Bill Norton,DT,Texas,648,2025
Hank Bachmeier,QB,Wake Forest,649,2025
David Spaulding,CB,South Carolina,650,2025
Maurice Smith,IOL,Florida State,651,2025
Luke Felix-Fualalo,OT,Hawaii,652,2025
Justin Ball,TE,Mississippi State,653,2025
Treshaun Ward,RB,Boston College,654,2025
Darius Washington,IOL,Florida State,655,2025
Jonathan Mendoza,OT,Louisville,656,2025
Jeremiah Byers,IOL,Florida State,657,2025
Brian Ugwu,DE,Miami (Ohio),658,2025
Trace Ford,DE,Oklahoma,659,2025
Kris Mitchell,WR,Notre Dame,660,2025
Chase Lane,WR,Georgia Tech,661,2025
Brett Gabbert,QB,Miami (Ohio),662,2025
Tyrone Broden,WR,Arkansas,663,2025
Dante Cephas,WR,Kansas State,664,2025
Trikweze Bridges,S,Florida,665,2025
Melquan Stovall,WR,Arizona State,666,2025
Nate Clifton,DT,USC,667,2025
Ali Jennings III,WR,Virginia Tech,668,2025
Jordan Waters,RB,North Carolina State,669,2025
Jacob Dobbs,LB,Holy Cross,670,2025
Johnny Hodges,LB,TCU,671,2025
Casey Thompson,QB,Oklahoma,672,2025
Gerry Bohanon,QB,BYU,673,2025
Jacob Mangum-Farrar,LB,Indiana,674,2025
Spencer Petras,QB,Utah State,675,2025
Jermayne Lole,DT,Texas,676,2025
Kam Butler,DE,Virginia,677,2025
John Campbell Jr.,OT,Tennessee,678,2025
Campbell Barrington,OT,Baylor,679,2025
Alan Bowman,QB,Oklahoma State,680,2025
Connor Pay,IOL,BYU,681,2025
Jordan McCloud,QB,Texas State,682,2025
Abdul-Fatai Ibrahim,WR,Louisiana Tech,683,2025
Justin Wright,LB,Oklahoma State,684,2025
Nick Kidwell,IOL,Indiana,685,2025
Ty Son Lawton,RB,Indiana,686,2025
Chantz Williams,DE,Charlotte,687,2025
Chidozie Nwankwo,DT,Colorado,688,2025
Aamir Hall,CB,Michigan,689,2025
Corey Rucker,WR,Arkansas State,690,2025
Clarence Lewis,CB,Syracuse,691,2025
Daylan Dotson,DE,UCF,692,2025
Maliq Carr,TE,Houston,693,2025
Ashton Grable,IOL,Florida A&M,694,2025
Daryl Porter Jr.,CB,Miami,695,2025
Colin Ramos,LB,Navy,696,2025
Jelani Stafford,DT,Connecticut,697,2025
Caden Davis,K,Mississippi,698,2025
Henry Parrish Jr.,RB,Mississippi,699,2025
Brennan Presley,WR,Oklahoma State,700,2025
Ryan Hanson,P,James Madison,701,2025
Coziah Izzard,DT,Penn State,702,2025
Keenan Garber,CB,Kansas State,703,2025
Andrew Henry,RB,New Mexico,704,2025
Luke Elzinga,P,Oklahoma,705,2025
Joshua Williams,RB,LSU,706,2025
Blayne Taylor,WR,Abilene Christian,707,2025
Mike Smith,S,Eastern Kentucky,708,2025
Brent Matiscik,LS,TCU,709,2025
Ethan Robinson,S,Minnesota,710,2025
JJ Galbreath,TE,South Dakota,711,2025