Name,Position,College,Year
Cam Ward,QB,Miami,2025
Shedeur Sanders,QB,Colorado,2025
Jaxson Dart,QB,Mississippi,2025
Tyler Shough,QB,Louisville,2025
Jalen Milroe,QB,Alabama,2025
Quinn Ewers,QB,Texas,2025
Kyle McCord,QB,Syracuse,2025
Will Howard,QB,Ohio State,2025
Dillon Gabriel,QB,Oregon,2025
Riley Leonard,QB,Notre Dame,2025
Kurtis Rourke,QB,Indiana,2025
Cam Miller,QB,North Carolina State,2025
Max Brosmer,QB,Minnesota,2025
Seth Henigan,QB,Memphis,2025
Hunter Dekkers,QB,Iowa Western Community College,2025
Graham Mertz,QB,Florida,2025
Brady Cook,QB,Missouri,2025
Payton Thorne,QB,Auburn,2025
Connor Bazelak,QB,Bowling Green,2025
Ashton Jeanty,RB,Boise State,2025
Omarion Hampton,RB,North Carolina,2025
Kaleb Johnson,RB,Iowa,2025
TreVeyon Henderson,RB,Ohio State,2025
Quinshon Judkins,RB,Ohio State,2025
Dylan Sampson,RB,Tennessee,2025
Jordan James,RB,Oregon,2025
RJ Harvey,RB,UCF,2025
Trevor Etienne,RB,Georgia,2025
Bhayshul Tuten,RB,Virginia Tech,2025
Jarquez Hunter,RB,Auburn,2025
Cam Skattebo,RB,Arizona State,2025
DJ Giddens,RB,Kansas State,2025
Ollie Gordon II,RB,Oklahoma State,2025
Devin Neal,RB,Kansas,2025
Damien Martinez,RB,Miami,2025
LeQuint Allen,RB,Syracuse,2025
Brashard Smith,RB,SMU,2025
Woody Marks,RB,USC,2025
Kyle Monangai,RB,Rutgers,2025
Jaydon Blue,RB,Texas,2025
Tahj Brooks,RB,Texas Tech,2025
Kalel Mullings,RB,Michigan,2025
Jacory Croskey-Merritt,RB,Arizona,2025
Phil Mafah,RB,Clemson,2025
Raheim Sanders,RB,South Carolina,2025
Corey Kiner,RB,Cincinnati,2025
Donovan Edwards,RB,Michigan,2025
Montrell Johnson Jr.,RB,Florida,2025
Marcus Yarns,RB,Delaware,2025
Antario Brown,RB,Northern Illinois,2025
Ulysses Bentley IV,RB,Mississippi,2025
Josh Williams,RB,LSU,2025
Ja'Quinden Jackson,RB,Arkansas,2025
Micah Bernard,RB,Utah,2025
Tre Stewart,RB,Jacksonville State,2025
Tetairoa McMillan,WR,Arizona,2025
Matthew Golden,WR,Texas,2025
Luther Burden III,WR,Missouri,2025
Emeka Egbuka,WR,Ohio State,2025
Jaylin Noel,WR,Iowa State,2025
Jayden Higgins,WR,Iowa State,2025
Jalen Royals,WR,Utah State,2025
Tre Harris,WR,Mississippi,2025
Jack Bech,WR,TCU,2025
Isaiah Bond,WR,Texas,2025
Elic Ayomanor,WR,Stanford,2025
Kyle Williams,WR,Washington State,2025
Tory Horton,WR,Colorado State,2025
Savion Williams,WR,TCU,2025
Jaylin Lane,WR,Virginia Tech,2025
Tez Johnson,WR,Oregon,2025
KeAndre Lambert-Smith,WR,Auburn,2025
Chimere Dike,WR,Florida,2025
Tai Felton,WR,Maryland,2025
Arian Smith,WR,Georgia,2025
Pat Bryant,WR,Illinois,2025
Nick Nash,WR,San Jose State,2025
Dont'e Thornton Jr.,WR,Tennessee,2025
Isaac TeSlaa,WR,Arkansas,2025
Xavier Restrepo,WR,Miami,2025
Ricky White III,WR,UNLV,2025
Bru McCoy,WR,Tennessee,2025
Isaiah Neyor,WR,Nebraska,2025
Jordan Watkins,WR,Mississippi,2025
Konata Mumpfield,WR,Pittsburgh,2025
Dominic Lovett,WR,Georgia,2025
Jimmy Horn Jr.,WR,Colorado,2025
Elijhah Badger,WR,Florida,2025
Kobe Hudson,WR,UCF,2025
LaJohntay Wester,WR,Colorado,2025
Ja'Corey Brooks,WR,Louisville,2025
Daniel Jackson,WR,Minnesota,2025
Andrew Armstrong,WR,Arkansas,2025
Sam Brown Jr.,WR,Miami,2025
Kaden Prather,WR,Maryland,2025
Da'Quan Felton,WR,Virginia Tech,2025
Beaux Collins,WR,Notre Dame,2025
Antwane Wells Jr.,WR,Mississippi,2025
JaColby George,WR,Miami,2025
Theo Wease Jr.,WR,Missouri,2025
Efton Chism III,WR,Eastern Michigan,2025
Will Sheppard,WR,Colorado,2025
Jackson Meeks,WR,Syracuse,2025
Roc Taylor,WR,Memphis,2025
Traeshon Holden,WR,Oregon,2025
Josh Kelly,WR,Texas Tech,2025
Dymere Miller,WR,Rutgers,2025
Mac Dalena,WR,Fresno State,2025
Tyler Warren,TE,Penn State,2025
Colston Loveland,TE,Michigan,2025
Mason Taylor,TE,LSU,2025
Elijah Arroyo,TE,Miami,2025
Terrance Ferguson,TE,Oregon,2025
Harold Fannin Jr.,TE,Bowling Green,2025
Gunnar Helm,TE,Texas,2025
Oronde Gadsden II,TE,Syracuse,2025
Mitchell Evans,TE,Notre Dame,2025
Jake Briningstool,TE,Clemson,2025
Moliki Matavao,TE,UCLA,2025
CJ Dippre,TE,Alabama,2025
Thomas Fidone II,TE,Nebraska,2025
Jackson Hawes,TE,Georgia Tech,2025
Jalin Conyers,TE,Texas Tech,2025
Gavin Bartholomew,TE,Pittsburgh,2025
Joshua Simon,TE,South Carolina,2025
Luke Lachey,TE,Iowa,2025
Caden Prieskorn,TE,Mississippi,2025
Rivaldo Fairweather,TE,Auburn,2025
Robbie Ouzts,TE,Alabama,2025
Benjamin Yurosek,TE,Georgia,2025
Brant Kuithe,TE,Utah,2025
Bryson Nesbit,TE,North Carolina,2025
Will Campbell,OT,LSU,2025
Armand Membou,OT,Missouri,2025
Josh Simmons,OT,Ohio State,2025
Josh Conerly Jr.,OT,Oregon,2025
Aireontae Ersery,OT,Minnesota,2025
Donovan Jackson,IOL,Ohio State,2025
Ozzy Trapilo,OT,Boston College,2025
Charles Grant,OT,William & Mary,2025
Anthony Belton,OT,North Carolina State,2025
Chase Lundt,OT,Connecticut,2025
Cameron Williams,OT,Texas,2025
Logan Brown,OT,Kansas,2025
Carson Vinson,OT,Alabama A&M,2025
Myles Hinton,OT,Michigan,2025
Hollin Pierce,OT,Rutgers,2025
Jalen Travis,OT,Iowa State,2025
Jack Nelson,OT,Wisconsin,2025
Branson Taylor,OT,Pittsburgh,2025
Esa Pole,OT,Washington State,2025
Ajani Cornelius,OT,Oregon,2025
Xavier Truss,OT,Georgia,2025
Brandon Crenshaw-Dickson,OT,Florida,2025
Caleb Etienne,OT,BYU,2025
Trey Wedig,OT,Indiana,2025
John Williams,OT,Cincinnati,2025
Mason Richman,OT,Iowa,2025
Dalton Cooper,OT,Oklahoma State,2025
Jordan Williams,OT,Georgia Tech,2025
Gerad Christian-Lichtenhan,OT,Oregon State,2025
Tyler Booker,IOL,Alabama,2025
Kelvin Banks Jr.,OT,Texas,2025
Tate Ratledge,IOL,Georgia,2025
Jonah Savaiinaea,IOL,Arizona,2025
Miles Frazier,IOL,LSU,2025
Marcus Mbow,IOL,Purdue,2025
Dylan Fairchild,IOL,Georgia,2025
Wyatt Milum,IOL,West Virginia,2025
Jalen Rivers,IOL,Miami,2025
Emery Jones Jr.,IOL,LSU,2025
Caleb Rogers,IOL,Texas Tech,2025
Bryce Cabeldue,IOL,Kansas,2025
Joe Huber,IOL,Wisconsin,2025
Hayden Conner,IOL,Texas,2025
Clay Webb,IOL,Jacksonville State,2025
Luke Kandra,IOL,Cincinnati,2025
Garrett Dellinger,IOL,LSU,2025
Marcus Tate,IOL,Clemson,2025
Torricelli Simpkins III,IOL,South Carolina,2025
Connor Colby,IOL,Iowa,2025
Marcus Wehr,IOL,Montana State,2025
Luke Newman,IOL,Michigan State,2025
Easton Kilty,IOL,Kansas State,2025
Nishad Strother,IOL,Oregon,2025
Aiden Williams,IOL,Minnesota-Duluth,2025
Grey Zabel,IOL,North Dakota State,2025
Jared Wilson,IOL,Georgia,2025
Seth mcLaughlin,IOL,Ohio State,2025
Drew Kendall,IOL,Boston College,2025
Jackson Slater,IOL,Sacramento State,2025
Joshua Gray,IOL,Oregon State,2025
Jonah Monheim,IOL,USC,2025
Eli Cox,IOL,Kentucky,2025
Jake Majors,IOL,Texas,2025
Willie Lampkin,IOL,North Carolina,2025
Thomas Perry,IOL,Middlebury,2025
Gus Hartwig,IOL,Purdue,2025
Drew Moss,IOL,Colorado State,2025
Mose Vavao,IOL,Fresno State,2025
Jacob Bayer,IOL,Arkansas State,2025
Abdul Carter,DE,Penn State,2025
Jalon Walker,DE,Georgia,2025
Shemar Stewart,DE,Texas A&M,2025
Mike Green,DE,Marshall,2025
Mykel Williams,DE,Georgia,2025
Donovan Ezeiruaku,DE,Boston College,2025
James Pearce Jr.,DE,Tennessee,2025
JT Tuimoloau,DE,Ohio State,2025
Landon Jackson,DE,Arkansas,2025
Jordan Burch,DE,Oregon,2025
Jack Sawyer,DE,Ohio State,2025
Nic Scourton,DE,Texas A&M,2025
Oluwafemi Oladejo,DE,UCLA,2025
Princely Umanmielen,DE,Mississippi,2025
Ashton Gillotte,DE,Louisville,2025
Josaiah Stewart,DE,Michigan,2025
Bradyn Swinson,DE,LSU,2025
Barryn Sorrell,DE,Texas,2025
Sai'vion Jones,DE,LSU,2025
Tyrion Ingram-Dawkins,DT,Georgia,2025
David Walker,DE,Central Arkansas,2025
Kyle Kennard,DE,South Carolina,2025
Elijah Roberts,DE,SMU,2025
Fadil Diggs,DE,Syracuse,2025
Jared Ivey,DE,Mississippi,2025
Jah Joyner,DE,Minnesota,2025
Antwaun Powell-Ryland,DE,Virginia Tech,2025
Que Robinson,DE,Alabama,2025
Kaimon Rucker,DE,North Carolina,2025
Tyler Baron,DE,Miami,2025
Ahmed Hassanein,DE,Boise State,2025
Elijah Ponder,DE,Cal Poly Pomona,2025
Ethan Downs,DE,Oklahoma,2025
Tyler Batty,DE,BYU,2025
Steve Linton,DE,Baylor,2025
Johnny Walker Jr.,DE,Missouri,2025
Chaz Chambliss,DE,Georgia,2025
RJ Oben,DE,Notre Dame,2025
JJ Weaver,DE,Kentucky,2025
Kydran Jenkins,DE,Purdue,2025
Jasheen Davis,DE,Wake Forest,2025
Seth Coleman,DE,Illinois,2025
Garmon Randolph,DE,Baylor,2025
Elijah Alston,DE,Miami,2025
Mason Graham,DT,Michigan,2025
Derrick Harmon,DT,Oregon,2025
Kenneth Grant,DT,Michigan,2025
Walter Nolen,DT,Mississippi,2025
Tyleik Williams,DT,Ohio State,2025
Shemar Turner,DT,Texas A&M,2025
Darius Alexander,DT,Toledo,2025
Alfred Collins,DT,Texas,2025
TJ Sanders,DT,South Carolina,2025
Joshua Farmer,DT,Florida State,2025
Ty Hamilton,DT,Ohio State,2025
Ty Robinson,DT,Nebraska,2025
Jay Toia,DT,UCLA,2025
Cam Jackson,DT,Florida,2025
Omarr Norman-Lott,DT,Tennessee,2025
Jordan Phillips,DT,Maryland,2025
Aeneas Peebles,DT,Virginia Tech,2025
Jamaree Caldwell,DT,Oregon,2025
Deone Walker,DT,Kentucky,2025
Vernon Broughton,DT,Texas,2025
CJ West,DT,Indiana,2025
JJ Pegues,DT,Mississippi,2025
Rylie Mills,DT,Notre Dame,2025
Cam Horsley,DT,Boston College,2025
Yahya Black,DT,Iowa,2025
Nazir Stackhouse,DT,Georgia,2025
Jared Harrison-Hunte,DT,SMU,2025
Warren Brinson,DT,Georgia,2025
Tim Smith,DT,Alabama,2025
Eric Gregory,DT,Arkansas,2025
Elijah Simmons,DT,Tennessee,2025
Tonka Hemingway,DT,South Carolina,2025
Zeek Biggers,DT,Georgia Tech,2025
Howard Cross III,DT,Notre Dame,2025
Sean Martin,DT,West Virginia,2025
DeAndre Jules,DT,South Carolina,2025
Kyonte Hamilton,DT,Rutgers,2025
Junior Tafuna,DT,Utah,2025
Jahvaree Ritzie,DT,North Carolina,2025
Nash Hutmacher,DT,Nebraska,2025
Payton Page,DT,Clemson,2025
Tommy Akingbesote,DT,Maryland,2025
Simeon Barrow Jr.,DT,Miami,2025
Jihaad Campbell,LB,Alabama,2025
Carson Schwesinger,LB,UCLA,2025
Danny Stutsman,LB,Oklahoma,2025
Jeffrey Bassa,LB,Oregon,2025
Smael Mondon Jr.,LB,Georgia,2025
Demetrius Knight Jr.,LB,South Carolina,2025
Chris Paul Jr.,LB,Mississippi,2025
Kobe King,LB,Penn State,2025
Barrett Carter,LB,Clemson,2025
Kain Medrano,LB,UCLA,2025
Cody Simon,LB,Ohio State,2025
Jack Kiser,LB,Notre Dame,2025
Teddye Buchanan,LB,California,2025
Shemar James,LB,Florida,2025
Nick Martin,LB,Oklahoma State,2025
Cody Lindenberg,LB,Minnesota,2025
Eugene Asante,LB,Auburn,2025
Collin Oliver,LB,Oklahoma State,2025
Jalen McLeod,LB,Auburn,2025
Francisco Mauigoa,LB,Miami,2025
Jackson Woodard,LB,UNLV,2025
Jay Higgins,LB,Iowa,2025
Carson Bruener,LB,Washington,2025
Jailin Walker,LB,Indiana,2025
Jamon Dumas-Johnson,LB,Kentucky,2025
Chandler Martin,LB,Memphis,2025
Justin Barron,LB,Syracuse,2025
Austin Keys,LB,Auburn,2025
Tyreem Powell,LB,Rutgers,2025
Karene Reid,LB,Utah,2025
Shaun Dolac,LB,Buffalo,2025
Power Echols,LB,North Carolina,2025
Bam Martin-Scott,LB,South Carolina,2025
De'Rickey Wright,LB,Vanderbilt,2025
Travis Hunter,CB,Colorado,2025
Will Johnson,CB,Michigan,2025
Jahdae Barron,CB,Texas,2025
Maxwell Hairston,CB,Kentucky,2025
Trey Amos,CB,Mississippi,2025
Azareye'h Thomas,CB,Florida State,2025
Shavon Revel Jr.,CB,East Carolina,2025
Nohl Williams,CB,California,2025
Jacob Parrish,CB,Kansas State,2025
Benjamin Morrison,CB,Notre Dame,2025
Quincy Riley,CB,Louisville,2025
Darien Porter,CB,Louisville,2025
Dorian Strong,CB,Virginia Tech,2025
Bilhal Kone,CB,Western Michigan,2025
Caleb Ransaw,CB,Tulane,2025
Denzel Burke,CB,Ohio State,2025
Robert Longerbeam,CB,Rutgers,2025
Korie Black,CB,Oklahoma State,2025
Zy Alexander,CB,LSU,2025
Mac McWilliams,CB,UCF,2025
Upton Stout,CB,Western Kentucky,2025
Tommi Hill,CB,Nebraska,2025
Zah Frazier,CB,UTSA,2025
Marcus Harris,CB,California,2025
Jordan Hancock,CB,Ohio State,2025
Cobee Bryant,CB,Kansas,2025
Justin Walley,CB,Minnesota,2025
Jason Marshall Jr.,CB,Florida,2025
Alijah Huzzie,CB,North Carolina,2025
Jaylin Smith,CB,USC,2025
BJ Adams,CB,UCF,2025
Mello Dotson,CB,Oregon,2025
Jabbar Muhammad,CB,Oregon,2025
Fentrell Cypress II,CB,Florida State,2025
Jermari Harris,CB,Iowa,2025
Isas Waxter II,CB,Villanova,2025
Ethan Robinson,CB,Minnesota,2025
BJ Mayes,CB,Texas A&M,2025
Melvin Smith Jr.,CB,Southern Arkansas,2025
Trikweze Bridges,CB,Florida,2025
O'Donnell Fortune,CB,South Carolina,2025
Jalen Kimber,CB,Penn State,2025
Donte Kent,CB,Central Michigan,2025
Nikko Reed,CB,Oregon,2025
Zemaiah Vaughn,CB,Utah,2025
Jordan Clark,CB,Notre Dame,2025
Dontae Manning,CB,Oregon,2025
Kam Alexander,CB,Oregon,2025
TJ Moore,CB,Mercer,2025
Nick Emmanwori,S,South Carolina,2025
Malaki Starks,S,Georgia,2025
Xavier Watts,S,Notre Dame,2025
Kevin Winston Jr.,S,Penn State,2025
Billy Bowman Jr.,S,Oklahoma,2025
Jonas Sanker,S,Virginia,2025
Andrew Mukuba,S,Texas,2025
Lathan Ransom,S,Ohio State,2025
Malachi Moore,S,Alabama,2025
Jaylen Reed,S,Penn State,2025
Maxen Hook,S,Toledo,2025
Dante Trader Jr.,S,Maryland,2025
Marques Sigle,S,Kansas State,2025
Hunter Wohler,S,Wisconsin,2025
Sebastian Castro,S,Iowa,2025
Dan Jackson,S,Georgia,2025
Craig Woodson,S,California,2025
Rayuan Lane III,S,Navy,2025
Malik Verdon,S,Iowa State,2025
Kitan Crawford,S,Nevada,2025
RJ Mickens,S,Clemson,2025
Alijah Clark,S,Syracuse,2025
Mike Smith Jr.,S,Eastern Kentucky,2025
Keondre Jackson,S,Illinois State,2025
Zion Childress,S,Kentucky,2025
Dean Clark,S,Fresno State,2025
Jack Henderson,S,Minnesota,2025
JJ Roberts,S,Marshall,2025
Shamari Simmons,S,Arizona State,2025
Kenyatta Watson II,S,Georgia State,2025
Andres Borregales,K,Miami,2025
Ryan Fitzgerald,K,Florida State,2025
Jeremy Crawshaw,P,Florida,2025
James Burnip,S,Alabama,2025
William Wagner,LS,Michigan,2025